{"cameraMode":{"drawMode":0,"name":"Shaded","section":"Shading Mode"},"sceneLighting":false,"audioPlay":false,"sceneViewState":{"showFog":true,"showMaterialUpdate":false,"showSkybox":false,"showFlares":true,"showImageEffects":true,"showParticleSystems":true},"in2DMode":false,"pivot":{"x":-5.232625961303711,"y":8.70827865600586,"z":19.634811401367189},"rotation":{"x":0.08640985190868378,"y":-0.06819039583206177,"z":-0.005684505216777325,"w":-0.9940738081932068},"size":2.456080436706543,"orthographic":false}