{"cameraMode":{"drawMode":0,"name":"Shaded","section":"Shading Mode"},"sceneLighting":false,"audioPlay":false,"sceneViewState":{"showFog":true,"showMaterialUpdate":false,"showSkybox":false,"showFlares":true,"showImageEffects":true,"showParticleSystems":true},"in2DMode":false,"pivot":{"x":0.0,"y":3.001002311706543,"z":-0.0000019073486328125},"rotation":{"x":0.1343022733926773,"y":0.5380468368530273,"z":-0.08722194284200669,"w":0.8277283906936646},"size":23.299585342407228,"orthographic":false}