{"cameraMode":{"drawMode":0,"name":"Shaded","section":"Shading Mode"},"sceneLighting":false,"audioPlay":false,"sceneViewState":{"showFog":true,"showMaterialUpdate":false,"showSkybox":false,"showFlares":true,"showImageEffects":true,"showParticleSystems":true},"in2DMode":false,"pivot":{"x":1.7412681579589844,"y":1.083990454673767,"z":-0.24985313415527345},"rotation":{"x":0.0013475626474246383,"y":0.7036541700363159,"z":-0.0012121426407247782,"w":0.7107353806495667},"size":13.768808364868164,"orthographic":false}