{"cameraMode":{"drawMode":0,"name":"Shaded","section":"Shading Mode"},"sceneLighting":false,"audioPlay":false,"sceneViewState":{"showFog":true,"showMaterialUpdate":false,"showSkybox":false,"showFlares":true,"showImageEffects":true,"showParticleSystems":true},"in2DMode":false,"pivot":{"x":2.1702499389648439,"y":0.34525007009506228,"z":0.0},"rotation":{"x":0.057431790977716449,"y":0.918241024017334,"z":-0.14471636712551118,"w":0.36451050639152529},"size":13.822675704956055,"orthographic":false}