{"cameraMode":{"drawMode":0,"name":"Shaded","section":"Shading Mode"},"sceneLighting":false,"audioPlay":false,"sceneViewState":{"showFog":true,"showMaterialUpdate":false,"showSkybox":false,"showFlares":true,"showImageEffects":true,"showParticleSystems":true},"in2DMode":false,"pivot":{"x":1.906908631324768,"y":2.646184206008911,"z":1.1230027675628663},"rotation":{"x":0.011051230132579804,"y":0.8328826427459717,"z":-0.01644313521683216,"w":0.5533416271209717},"size":6.455576419830322,"orthographic":false}