{"cameraMode":{"drawMode":0,"name":"Shaded","section":"Shading Mode"},"sceneLighting":false,"audioPlay":false,"sceneViewState":{"showFog":true,"showMaterialUpdate":false,"showSkybox":false,"showFlares":true,"showImageEffects":true,"showParticleSystems":true},"in2DMode":false,"pivot":{"x":-2.8597373962402345,"y":1.2000000476837159,"z":31.700000762939454},"rotation":{"x":0.07231105118989945,"y":0.8767595291137695,"z":-0.139553502202034,"w":0.45477667450904848},"size":4.499396800994873,"orthographic":false}