{"cameraMode":{"drawMode":0,"name":"Shaded","section":"Shading Mode"},"sceneLighting":false,"audioPlay":false,"sceneViewState":{"showFog":true,"showMaterialUpdate":false,"showSkybox":false,"showFlares":true,"showImageEffects":true,"showParticleSystems":true},"in2DMode":false,"pivot":{"x":0.0,"y":1.2599999904632569,"z":0.19499993324279786},"rotation":{"x":0.10720226913690567,"y":0.7889615297317505,"z":-0.14379636943340302,"w":0.5879144072532654},"size":10.137836456298829,"orthographic":false}