{"cameraMode":{"drawMode":0,"name":"Shaded","section":"Shading Mode"},"sceneLighting":false,"audioPlay":false,"sceneViewState":{"showFog":true,"showMaterialUpdate":false,"showSkybox":false,"showFlares":true,"showImageEffects":true,"showParticleSystems":true},"in2DMode":false,"pivot":{"x":5.650000095367432,"y":2.2269234657287599,"z":-0.39291810989379885},"rotation":{"x":0.0352880023419857,"y":0.6823335289955139,"z":-0.032976750284433368,"w":0.7296335101127625},"size":17.295578002929689,"orthographic":false}