{"cameraMode":{"drawMode":0,"name":"Shaded","section":"Shading Mode"},"sceneLighting":false,"audioPlay":false,"sceneViewState":{"showFog":true,"showMaterialUpdate":false,"showSkybox":false,"showFlares":true,"showImageEffects":true,"showParticleSystems":true},"in2DMode":false,"pivot":{"x":-3.3745460510253908,"y":5.6192240715026859,"z":31.692455291748048},"rotation":{"x":0.06378192454576493,"y":0.6805211901664734,"z":-0.05947883054614067,"w":0.7277167439460754},"size":18.2204647064209,"orthographic":false}