{"cameraMode":{"drawMode":0,"name":"Shaded","section":"Shading Mode"},"sceneLighting":false,"audioPlay":false,"sceneViewState":{"showFog":true,"showMaterialUpdate":false,"showSkybox":false,"showFlares":true,"showImageEffects":true,"showParticleSystems":true},"in2DMode":false,"pivot":{"x":24.600000381469728,"y":0.6100000143051148,"z":10.099998474121094},"rotation":{"x":0.13218651711940766,"y":-0.6224919557571411,"z":0.10768339782953263,"w":0.7640027403831482},"size":2.8578836917877199,"orthographic":false}