{"cameraMode":{"drawMode":0,"name":"Shaded","section":"Shading Mode"},"sceneLighting":false,"audioPlay":false,"sceneViewState":{"showFog":true,"showMaterialUpdate":false,"showSkybox":false,"showFlares":true,"showImageEffects":true,"showParticleSystems":true},"in2DMode":false,"pivot":{"x":-6.427803039550781,"y":2.9080567359924318,"z":0.38902127742767336},"rotation":{"x":0.09673521667718888,"y":0.6465256810188294,"z":-0.08302662521600723,"w":0.7523477077484131},"size":4.049999713897705,"orthographic":false}