{"cameraMode":{"drawMode":0,"name":"Shaded","section":"Shading Mode"},"sceneLighting":false,"audioPlay":false,"sceneViewState":{"showFog":true,"showMaterialUpdate":false,"showSkybox":false,"showFlares":true,"showImageEffects":true,"showParticleSystems":true},"in2DMode":false,"pivot":{"x":-17.69000816345215,"y":25.349992752075197,"z":-11.22183895111084},"rotation":{"x":0.04320775717496872,"y":-0.8991602063179016,"z":0.08926153928041458,"w":0.42669275403022768},"size":1.8001728057861329,"orthographic":false}