{"cameraMode":{"drawMode":0,"name":"Shaded","section":"Shading Mode"},"sceneLighting":false,"audioPlay":false,"sceneViewState":{"showFog":true,"showMaterialUpdate":false,"showSkybox":false,"showFlares":true,"showImageEffects":true,"showParticleSystems":true},"in2DMode":false,"pivot":{"x":-1.1081323623657227,"y":20.0,"z":11.222843170166016},"rotation":{"x":0.21678303182125092,"y":0.4238661527633667,"z":-0.10517461597919464,"w":0.8732423186302185},"size":13.20975399017334,"orthographic":false}