{"cameraMode":{"drawMode":0,"name":"Shaded","section":"Shading Mode"},"sceneLighting":false,"audioPlay":false,"sceneViewState":{"showFog":true,"showMaterialUpdate":false,"showSkybox":false,"showFlares":true,"showImageEffects":true,"showParticleSystems":true},"in2DMode":false,"pivot":{"x":0.0,"y":2.680000066757202,"z":0.05000000074505806},"rotation":{"x":0.2108154594898224,"y":0.6472423076629639,"z":-0.192986398935318,"w":0.7068683505058289},"size":0.16500000655651093,"orthographic":false}