{"cameraMode":{"drawMode":0,"name":"Shaded","section":"Shading Mode"},"sceneLighting":false,"audioPlay":false,"sceneViewState":{"showFog":true,"showMaterialUpdate":false,"showSkybox":false,"showFlares":true,"showImageEffects":true,"showParticleSystems":true},"in2DMode":false,"pivot":{"x":-0.96220463514328,"y":5.624358177185059,"z":34.532413482666019},"rotation":{"x":0.03836404159665108,"y":0.851670503616333,"z":-0.06299042701721192,"w":0.5191360116004944},"size":15.379768371582032,"orthographic":false}