{"cameraMode":{"drawMode":0,"name":"Shaded","section":"Shading Mode"},"sceneLighting":false,"audioPlay":false,"sceneViewState":{"showFog":true,"showMaterialUpdate":false,"showSkybox":false,"showFlares":true,"showImageEffects":true,"showParticleSystems":true},"in2DMode":false,"pivot":{"x":3.9275856018066408,"y":2.143693447113037,"z":0.8489181995391846},"rotation":{"x":0.013130617327988148,"y":0.7003273963928223,"z":-0.01276366226375103,"w":0.7137786149978638},"size":3.174468755722046,"orthographic":false}