{"cameraMode":{"drawMode":0,"name":"Shaded","section":"Shading Mode"},"sceneLighting":false,"audioPlay":false,"sceneViewState":{"showFog":true,"showMaterialUpdate":false,"showSkybox":false,"showFlares":true,"showImageEffects":true,"showParticleSystems":true},"in2DMode":false,"pivot":{"x":-1.940000057220459,"y":4.110000133514404,"z":-2.8399999141693117},"rotation":{"x":0.09775813668966294,"y":0.7729243040084839,"z":-0.12306934595108032,"w":0.6148717403411865},"size":4.304200649261475,"orthographic":false}