{"cameraMode":{"drawMode":0,"name":"Shaded","section":"Shading Mode"},"sceneLighting":false,"audioPlay":false,"sceneViewState":{"showFog":true,"showMaterialUpdate":false,"showSkybox":false,"showFlares":true,"showImageEffects":true,"showParticleSystems":true},"in2DMode":false,"pivot":{"x":-1.409999966621399,"y":2.4080567359924318,"z":0.38902127742767336},"rotation":{"x":0.04320775717496872,"y":-0.8991602063179016,"z":0.08926153928041458,"w":0.42669275403022768},"size":16.689485549926759,"orthographic":false}