{"cameraMode":{"drawMode":0,"name":"Shaded","section":"Shading Mode"},"sceneLighting":false,"audioPlay":false,"sceneViewState":{"showFog":true,"showMaterialUpdate":false,"showSkybox":false,"showFlares":true,"showImageEffects":true,"showParticleSystems":true},"in2DMode":false,"pivot":{"x":0.04178142547607422,"y":1.3584232330322266,"z":0.4545329213142395},"rotation":{"x":0.2108154594898224,"y":0.6472423076629639,"z":-0.192986398935318,"w":0.7068683505058289},"size":10.137836456298829,"orthographic":false}