{"cameraMode":{"drawMode":0,"name":"Shaded","section":"Shading Mode"},"sceneLighting":false,"audioPlay":false,"sceneViewState":{"showFog":true,"showMaterialUpdate":false,"showSkybox":false,"showFlares":true,"showImageEffects":true,"showParticleSystems":true},"in2DMode":false,"pivot":{"x":2.3368570804595949,"y":1.8053621053695679,"z":-2.2621710300445558},"rotation":{"x":0.07372260838747025,"y":0.8439400792121887,"z":-0.12002699822187424,"w":0.5178850293159485},"size":14.627894401550293,"orthographic":false}