{"cameraMode":{"drawMode":0,"name":"Shaded","section":"Shading Mode"},"sceneLighting":false,"audioPlay":false,"sceneViewState":{"showFog":true,"showMaterialUpdate":false,"showSkybox":false,"showFlares":true,"showImageEffects":true,"showParticleSystems":true},"in2DMode":false,"pivot":{"x":-7.626389026641846,"y":5.725938320159912,"z":21.06686019897461},"rotation":{"x":0.16308395564556123,"y":0.7414616346359253,"z":-0.1947721391916275,"w":0.6212785243988037},"size":17.599401473999025,"orthographic":false}