{"cameraMode":{"drawMode":0,"name":"Shaded","section":"Shading Mode"},"sceneLighting":false,"audioPlay":false,"sceneViewState":{"showFog":true,"showMaterialUpdate":false,"showSkybox":false,"showFlares":true,"showImageEffects":true,"showParticleSystems":true},"in2DMode":false,"pivot":{"x":1.0697755813598633,"y":1.4147756099700928,"z":-0.04999995231628418},"rotation":{"x":0.028470374643802644,"y":0.7929500341415405,"z":-0.03714337199926376,"w":0.6077122688293457},"size":12.073991775512696,"orthographic":false}