{"cameraMode":{"drawMode":0,"name":"Shaded","section":"Shading Mode"},"sceneLighting":true,"audioPlay":false,"sceneViewState":{"showFog":true,"showMaterialUpdate":false,"showSkybox":true,"showFlares":true,"showImageEffects":true,"showParticleSystems":true},"in2DMode":false,"pivot":{"x":16.449668884277345,"y":13.5633544921875,"z":-9.304915428161621},"rotation":{"x":-0.3350147008895874,"y":-0.6273865103721619,"z":0.3423374891281128,"w":-0.6139736771583557},"size":184.1572265625,"orthographic":false}