{"cameraMode":{"drawMode":0,"name":"Shaded","section":"Shading Mode"},"sceneLighting":false,"audioPlay":false,"sceneViewState":{"showFog":true,"showMaterialUpdate":false,"showSkybox":false,"showFlares":true,"showImageEffects":true,"showParticleSystems":true},"in2DMode":false,"pivot":{"x":-3.0028934478759767,"y":2.009827136993408,"z":31.89032554626465},"rotation":{"x":0.14516837894916535,"y":0.31740695238113406,"z":-0.049237772822380069,"w":0.9358174800872803},"size":20.52594566345215,"orthographic":false}