{"cameraMode":{"drawMode":0,"name":"Shaded","section":"Shading Mode"},"sceneLighting":false,"audioPlay":false,"sceneViewState":{"showFog":true,"showMaterialUpdate":false,"showSkybox":false,"showFlares":true,"showImageEffects":true,"showParticleSystems":true},"in2DMode":false,"pivot":{"x":-36.77770233154297,"y":2.438845157623291,"z":23.804555892944337},"rotation":{"x":-0.09136459231376648,"y":-0.7355579733848572,"z":0.10126730054616928,"w":-0.6636843681335449},"size":32.846988677978519,"orthographic":false}