{"cameraMode":{"drawMode":0,"name":"Shaded","section":"Shading Mode"},"sceneLighting":true,"audioPlay":false,"sceneViewState":{"showFog":true,"showMaterialUpdate":false,"showSkybox":true,"showFlares":true,"showImageEffects":true,"showParticleSystems":true},"in2DMode":false,"pivot":{"x":45.116214752197269,"y":4.985407829284668,"z":-39.86130905151367},"rotation":{"x":0.04283728450536728,"y":0.7878825664520264,"z":-0.05516083166003227,"w":0.6118529438972473},"size":148.73574829101563,"orthographic":false}