{"cameraMode":{"drawMode":0,"name":"Shaded","section":"Shading Mode"},"sceneLighting":false,"audioPlay":false,"sceneViewState":{"showFog":true,"showMaterialUpdate":false,"showSkybox":false,"showFlares":true,"showImageEffects":true,"showParticleSystems":true},"in2DMode":false,"pivot":{"x":-2.8597373962402345,"y":1.2000000476837159,"z":31.700000762939454},"rotation":{"x":-0.10956002026796341,"y":-0.023259935900568963,"z":0.002564480761066079,"w":-0.9937154054641724},"size":4.19939661026001,"orthographic":false}