{"cameraMode":{"drawMode":0,"name":"Shaded","section":"Shading Mode"},"sceneLighting":true,"audioPlay":false,"sceneViewState":{"showFog":true,"showMaterialUpdate":false,"showSkybox":true,"showFlares":true,"showImageEffects":true,"showParticleSystems":true},"in2DMode":false,"pivot":{"x":-0.019447267055511476,"y":1.97930908203125,"z":-33.21138000488281},"rotation":{"x":0.061821285635232928,"y":-0.7918673753738403,"z":0.0812966376543045,"w":0.6021130681037903},"size":2.373124599456787,"orthographic":false}