{"cameraMode":{"drawMode":0,"name":"Shaded","section":"Shading Mode"},"sceneLighting":false,"audioPlay":false,"sceneViewState":{"showFog":true,"showMaterialUpdate":false,"showSkybox":false,"showFlares":true,"showImageEffects":true,"showParticleSystems":true},"in2DMode":false,"pivot":{"x":-6.997904300689697,"y":5.304999828338623,"z":8.085832595825196},"rotation":{"x":-0.0928477942943573,"y":0.01970919594168663,"z":-0.0018382540438324214,"w":-0.9954841136932373},"size":39.67428970336914,"orthographic":false}